Title,Price,Description Link,Image Link,Category
A Light in the Attic,Â£51.77,https://books.toscrape.com/a-light-in-the-attic_1000/index.html,https://books.toscrape.com/media/cache/2c/da/2cdad67c44b002e7ead0cc35693c0e8b.jpg,Unknown
Tipping the Velvet,Â£53.74,https://books.toscrape.com/tipping-the-velvet_999/index.html,https://books.toscrape.com/media/cache/26/0c/260c6ae16bce31c8f8c95daddd9f4a1c.jpg,Unknown
Soumission,Â£50.10,https://books.toscrape.com/soumission_998/index.html,https://books.toscrape.com/media/cache/3e/ef/3eef99c9d9adef34639f510662022830.jpg,Unknown
Sharp Objects,Â£47.82,https://books.toscrape.com/sharp-objects_997/index.html,https://books.toscrape.com/media/cache/32/51/3251cf3a3412f53f339e42cac2134093.jpg,Unknown
Sapiens: A Brief History of Humankind,Â£54.23,https://books.toscrape.com/sapiens-a-brief-history-of-humankind_996/index.html,https://books.toscrape.com/media/cache/be/a5/bea5697f2534a2f86a3ef27b5a8c12a6.jpg,Unknown
The Requiem Red,Â£22.65,https://books.toscrape.com/the-requiem-red_995/index.html,https://books.toscrape.com/media/cache/68/33/68339b4c9bc034267e1da611ab3b34f8.jpg,Unknown
The Dirty Little Secrets of Getting Your Dream Job,Â£33.34,https://books.toscrape.com/the-dirty-little-secrets-of-getting-your-dream-job_994/index.html,https://books.toscrape.com/media/cache/92/27/92274a95b7c251fea59a2b8a78275ab4.jpg,Unknown
"The Coming Woman: A Novel Based on the Life of the Infamous Feminist, Victoria Woodhull",Â£17.93,https://books.toscrape.com/the-coming-woman-a-novel-based-on-the-life-of-the-infamous-feminist-victoria-woodhull_993/index.html,https://books.toscrape.com/media/cache/3d/54/3d54940e57e662c4dd1f3ff00c78cc64.jpg,Unknown
The Boys in the Boat: Nine Americans and Their Epic Quest for Gold at the 1936 Berlin Olympics,Â£22.60,https://books.toscrape.com/the-boys-in-the-boat-nine-americans-and-their-epic-quest-for-gold-at-the-1936-berlin-olympics_992/index.html,https://books.toscrape.com/media/cache/66/88/66883b91f6804b2323c8369331cb7dd1.jpg,Unknown
The Black Maria,Â£52.15,https://books.toscrape.com/the-black-maria_991/index.html,https://books.toscrape.com/media/cache/58/46/5846057e28022268153beff6d352b06c.jpg,Unknown
"Starving Hearts (Triangular Trade Trilogy, #1)",Â£13.99,https://books.toscrape.com/starving-hearts-triangular-trade-trilogy-1_990/index.html,https://books.toscrape.com/media/cache/be/f4/bef44da28c98f905a3ebec0b87be8530.jpg,Unknown
Shakespeare's Sonnets,Â£20.66,https://books.toscrape.com/shakespeares-sonnets_989/index.html,https://books.toscrape.com/media/cache/10/48/1048f63d3b5061cd2f424d20b3f9b666.jpg,Unknown
Set Me Free,Â£17.46,https://books.toscrape.com/set-me-free_988/index.html,https://books.toscrape.com/media/cache/5b/88/5b88c52633f53cacf162c15f4f823153.jpg,Unknown
Scott Pilgrim's Precious Little Life (Scott Pilgrim #1),Â£52.29,https://books.toscrape.com/scott-pilgrims-precious-little-life-scott-pilgrim-1_987/index.html,https://books.toscrape.com/media/cache/94/b1/94b1b8b244bce9677c2f29ccc890d4d2.jpg,Unknown
Rip it Up and Start Again,Â£35.02,https://books.toscrape.com/rip-it-up-and-start-again_986/index.html,https://books.toscrape.com/media/cache/81/c4/81c4a973364e17d01f217e1188253d5e.jpg,Unknown
"Our Band Could Be Your Life: Scenes from the American Indie Underground, 1981-1991",Â£57.25,https://books.toscrape.com/our-band-could-be-your-life-scenes-from-the-american-indie-underground-1981-1991_985/index.html,https://books.toscrape.com/media/cache/54/60/54607fe8945897cdcced0044103b10b6.jpg,Unknown
Olio,Â£23.88,https://books.toscrape.com/olio_984/index.html,https://books.toscrape.com/media/cache/55/33/553310a7162dfbc2c6d19a84da0df9e1.jpg,Unknown
Mesaerion: The Best Science Fiction Stories 1800-1849,Â£37.59,https://books.toscrape.com/mesaerion-the-best-science-fiction-stories-1800-1849_983/index.html,https://books.toscrape.com/media/cache/09/a3/09a3aef48557576e1a85ba7efea8ecb7.jpg,Unknown
Libertarianism for Beginners,Â£51.33,https://books.toscrape.com/libertarianism-for-beginners_982/index.html,https://books.toscrape.com/media/cache/0b/bc/0bbcd0a6f4bcd81ccb1049a52736406e.jpg,Unknown
It's Only the Himalayas,Â£45.17,https://books.toscrape.com/its-only-the-himalayas_981/index.html,https://books.toscrape.com/media/cache/27/a5/27a53d0bb95bdd88288eaf66c9230d7e.jpg,Unknown
In Her Wake,Â£12.84,https://books.toscrape.com/in-her-wake_980/index.html,https://books.toscrape.com/media/cache/5d/72/5d72709c6a7a9584a4d1cf07648bfce1.jpg,Unknown
How Music Works,Â£37.32,https://books.toscrape.com/how-music-works_979/index.html,https://books.toscrape.com/media/cache/5c/c8/5cc8e107246cb478960d4f0aba1e1c8e.jpg,Unknown
"Foolproof Preserving: A Guide to Small Batch Jams, Jellies, Pickles, Condiments, and More: A Foolproof Guide to Making Small Batch Jams, Jellies, Pickles, Condiments, and More",Â£30.52,https://books.toscrape.com/foolproof-preserving-a-guide-to-small-batch-jams-jellies-pickles-condiments-and-more-a-foolproof-guide-to-making-small-batch-jams-jellies-pickles-condiments-and-more_978/index.html,https://books.toscrape.com/media/cache/9f/59/9f59f01fa916a7bb8f0b28a4012179a4.jpg,Unknown
Chase Me (Paris Nights #2),Â£25.27,https://books.toscrape.com/chase-me-paris-nights-2_977/index.html,https://books.toscrape.com/media/cache/9c/2e/9c2e0eb8866b8e3f3b768994fd3d1c1a.jpg,Unknown
Black Dust,Â£34.53,https://books.toscrape.com/black-dust_976/index.html,https://books.toscrape.com/media/cache/44/cc/44ccc99c8f82c33d4f9d2afa4ef25787.jpg,Unknown
Birdsong: A Story in Pictures,Â£54.64,https://books.toscrape.com/birdsong-a-story-in-pictures_975/index.html,https://books.toscrape.com/media/cache/af/6e/af6e796160fe63e0cf19d44395c7ddf2.jpg,Unknown
America's Cradle of Quarterbacks: Western Pennsylvania's Football Factory from Johnny Unitas to Joe Montana,Â£22.50,https://books.toscrape.com/americas-cradle-of-quarterbacks-western-pennsylvanias-football-factory-from-johnny-unitas-to-joe-montana_974/index.html,https://books.toscrape.com/media/cache/ef/0b/ef0bed08de4e083dba5e20fdb98d9c36.jpg,Unknown
Aladdin and His Wonderful Lamp,Â£53.13,https://books.toscrape.com/aladdin-and-his-wonderful-lamp_973/index.html,https://books.toscrape.com/media/cache/d6/da/d6da0371958068bbaf39ea9c174275cd.jpg,Unknown
Worlds Elsewhere: Journeys Around Shakespeareâs Globe,Â£40.30,https://books.toscrape.com/worlds-elsewhere-journeys-around-shakespeares-globe_972/index.html,https://books.toscrape.com/media/cache/2e/98/2e98c332bf8563b584784971541c4445.jpg,Unknown
Wall and Piece,Â£44.18,https://books.toscrape.com/wall-and-piece_971/index.html,https://books.toscrape.com/media/cache/a5/41/a5416b9646aaa7287baa287ec2590270.jpg,Unknown
The Four Agreements: A Practical Guide to Personal Freedom,Â£17.66,https://books.toscrape.com/the-four-agreements-a-practical-guide-to-personal-freedom_970/index.html,https://books.toscrape.com/media/cache/0f/7e/0f7ee69495c0df1d35723f012624a9f8.jpg,Unknown
The Five Love Languages: How to Express Heartfelt Commitment to Your Mate,Â£31.05,https://books.toscrape.com/the-five-love-languages-how-to-express-heartfelt-commitment-to-your-mate_969/index.html,https://books.toscrape.com/media/cache/38/c5/38c56fba316c07305643a8065269594e.jpg,Unknown
The Elephant Tree,Â£23.82,https://books.toscrape.com/the-elephant-tree_968/index.html,https://books.toscrape.com/media/cache/5d/7e/5d7ecde8e81513eba8a64c9fe000744b.jpg,Unknown
The Bear and the Piano,Â£36.89,https://books.toscrape.com/the-bear-and-the-piano_967/index.html,https://books.toscrape.com/media/cache/cf/bb/cfbb5e62715c6d888fd07794c9bab5d6.jpg,Unknown
Sophie's World,Â£15.94,https://books.toscrape.com/sophies-world_966/index.html,https://books.toscrape.com/media/cache/65/71/6571919836ec51ed54f0050c31d8a0cd.jpg,Unknown
Penny Maybe,Â£33.29,https://books.toscrape.com/penny-maybe_965/index.html,https://books.toscrape.com/media/cache/12/53/1253c21c5ef3c6d075c5fa3f5fecee6a.jpg,Unknown
Maude (1883-1993):She Grew Up with the country,Â£18.02,https://books.toscrape.com/maude-1883-1993she-grew-up-with-the-country_964/index.html,https://books.toscrape.com/media/cache/f5/88/f5889d038f5d8e949b494d147c2dcf54.jpg,Unknown
"In a Dark, Dark Wood",Â£19.63,https://books.toscrape.com/in-a-dark-dark-wood_963/index.html,https://books.toscrape.com/media/cache/23/85/238570a1c284e730dbc737a7e631ae2b.jpg,Unknown
Behind Closed Doors,Â£52.22,https://books.toscrape.com/behind-closed-doors_962/index.html,https://books.toscrape.com/media/cache/e1/5c/e15c289ba58cea38519e1281e859f0c1.jpg,Unknown
You can't bury them all: Poems,Â£33.63,https://books.toscrape.com/you-cant-bury-them-all-poems_961/index.html,https://books.toscrape.com/media/cache/e9/20/e9203b733126c4a0832a1c7885dc27cf.jpg,Unknown
Slow States of Collapse: Poems,Â£57.31,https://books.toscrape.com/slow-states-of-collapse-poems_960/index.html,https://books.toscrape.com/media/cache/72/41/72417db983862010ef0c1a25de98c7d7.jpg,Unknown
Reasons to Stay Alive,Â£26.41,https://books.toscrape.com/reasons-to-stay-alive_959/index.html,https://books.toscrape.com/media/cache/cb/bd/cbbdb0222ee8a0f6ab61657412a15794.jpg,Unknown
Private Paris (Private #10),Â£47.61,https://books.toscrape.com/private-paris-private-10_958/index.html,https://books.toscrape.com/media/cache/9d/05/9d0533bae1578846d728a82913b95c26.jpg,Unknown
#HigherSelfie: Wake Up Your Life. Free Your Soul. Find Your Tribe.,Â£23.11,https://books.toscrape.com/higherselfie-wake-up-your-life-free-your-soul-find-your-tribe_957/index.html,https://books.toscrape.com/media/cache/9c/46/9c463c7631c82401160fd3b554b8f0e1.jpg,Unknown
Without Borders (Wanderlove #1),Â£45.07,https://books.toscrape.com/without-borders-wanderlove-1_956/index.html,https://books.toscrape.com/media/cache/24/e2/24e2f5c9d325c4004d8190c054da86dd.jpg,Unknown
When We Collided,Â£31.77,https://books.toscrape.com/when-we-collided_955/index.html,https://books.toscrape.com/media/cache/08/04/08044269fc197645268a6197c57e6173.jpg,Unknown
"We Love You, Charlie Freeman",Â£50.27,https://books.toscrape.com/we-love-you-charlie-freeman_954/index.html,https://books.toscrape.com/media/cache/5f/15/5f152afdbc42356ecba02f61058a7e5b.jpg,Unknown
Untitled Collection: Sabbath Poems 2014,Â£14.27,https://books.toscrape.com/untitled-collection-sabbath-poems-2014_953/index.html,https://books.toscrape.com/media/cache/f9/3b/f93b4a650f03a5d21f2436d7813f42c2.jpg,Unknown
"Unseen City: The Majesty of Pigeons, the Discreet Charm of Snails & Other Wonders of the Urban Wilderness",Â£44.18,https://books.toscrape.com/unseen-city-the-majesty-of-pigeons-the-discreet-charm-of-snails-other-wonders-of-the-urban-wilderness_952/index.html,https://books.toscrape.com/media/cache/41/a2/41a20f35adf0caea24f208dc01ad7681.jpg,Unknown
Unicorn Tracks,Â£18.78,https://books.toscrape.com/unicorn-tracks_951/index.html,https://books.toscrape.com/media/cache/76/8e/768ea5924ac1ef6297c2be9959c796c2.jpg,Unknown
"Unbound: How Eight Technologies Made Us Human, Transformed Society, and Brought Our World to the Brink",Â£25.52,https://books.toscrape.com/unbound-how-eight-technologies-made-us-human-transformed-society-and-brought-our-world-to-the-brink_950/index.html,https://books.toscrape.com/media/cache/4a/3b/4a3b055f9e378a95fedbef55e7bab7ce.jpg,Unknown
Tsubasa: WoRLD CHRoNiCLE 2 (Tsubasa WoRLD CHRoNiCLE #2),Â£16.28,https://books.toscrape.com/tsubasa-world-chronicle-2-tsubasa-world-chronicle-2_949/index.html,https://books.toscrape.com/media/cache/36/df/36df4caaf1420b1183a8235355d39e69.jpg,Unknown
Throwing Rocks at the Google Bus: How Growth Became the Enemy of Prosperity,Â£31.12,https://books.toscrape.com/throwing-rocks-at-the-google-bus-how-growth-became-the-enemy-of-prosperity_948/index.html,https://books.toscrape.com/media/cache/03/86/038650c9e7517b4baf2a423cd8eed38f.jpg,Unknown
This One Summer,Â£19.49,https://books.toscrape.com/this-one-summer_947/index.html,https://books.toscrape.com/media/cache/c4/dd/c4ddd9ced89966b0602ec85e00cd5b61.jpg,Unknown
Thirst,Â£17.27,https://books.toscrape.com/thirst_946/index.html,https://books.toscrape.com/media/cache/c4/0a/c40a64f59e7487b1a80a049f6ceb2ba5.jpg,Unknown
The Torch Is Passed: A Harding Family Story,Â£19.09,https://books.toscrape.com/the-torch-is-passed-a-harding-family-story_945/index.html,https://books.toscrape.com/media/cache/33/e5/33e507172541628acfd421503196b578.jpg,Unknown
The Secret of Dreadwillow Carse,Â£56.13,https://books.toscrape.com/the-secret-of-dreadwillow-carse_944/index.html,https://books.toscrape.com/media/cache/c4/a2/c4a2a1a026c67bcceb5a411c724d7d0c.jpg,Unknown
"The Pioneer Woman Cooks: Dinnertime: Comfort Classics, Freezer Food, 16-Minute Meals, and Other Delicious Ways to Solve Supper!",Â£56.41,https://books.toscrape.com/the-pioneer-woman-cooks-dinnertime-comfort-classics-freezer-food-16-minute-meals-and-other-delicious-ways-to-solve-supper_943/index.html,https://books.toscrape.com/media/cache/b7/f4/b7f4843dbe062d44be1ffcfa16b2faa4.jpg,Unknown
The Past Never Ends,Â£56.50,https://books.toscrape.com/the-past-never-ends_942/index.html,https://books.toscrape.com/media/cache/89/b8/89b850edb01851a91f64ba114b96acb6.jpg,Unknown
The Natural History of Us (The Fine Art of Pretending #2),Â£45.22,https://books.toscrape.com/the-natural-history-of-us-the-fine-art-of-pretending-2_941/index.html,https://books.toscrape.com/media/cache/5d/7f/5d7f496cdf5e5962a73ecdcc1505c1d5.jpg,Unknown
The Nameless City (The Nameless City #1),Â£38.16,https://books.toscrape.com/the-nameless-city-the-nameless-city-1_940/index.html,https://books.toscrape.com/media/cache/f4/79/f479de5f305c2ac0512702cf7155bb74.jpg,Unknown
The Murder That Never Was (Forensic Instincts #5),Â£54.11,https://books.toscrape.com/the-murder-that-never-was-forensic-instincts-5_939/index.html,https://books.toscrape.com/media/cache/dc/44/dc44f8e2aebac48ca8553814d9b021a8.jpg,Unknown
The Most Perfect Thing: Inside (and Outside) a Bird's Egg,Â£42.96,https://books.toscrape.com/the-most-perfect-thing-inside-and-outside-a-birds-egg_938/index.html,https://books.toscrape.com/media/cache/d4/8d/d48d5122a15347e9fe2b15ad354d69bf.jpg,Unknown
"The Mindfulness and Acceptance Workbook for Anxiety: A Guide to Breaking Free from Anxiety, Phobias, and Worry Using Acceptance and Commitment Therapy",Â£23.89,https://books.toscrape.com/the-mindfulness-and-acceptance-workbook-for-anxiety-a-guide-to-breaking-free-from-anxiety-phobias-and-worry-using-acceptance-and-commitment-therapy_937/index.html,https://books.toscrape.com/media/cache/f8/6d/f86d08178e3788563ac17be5aefd29f0.jpg,Unknown
The Life-Changing Magic of Tidying Up: The Japanese Art of Decluttering and Organizing,Â£16.77,https://books.toscrape.com/the-life-changing-magic-of-tidying-up-the-japanese-art-of-decluttering-and-organizing_936/index.html,https://books.toscrape.com/media/cache/95/64/95647d6a526bf54120b9445e124794e1.jpg,Unknown
"The Inefficiency Assassin: Time Management Tactics for Working Smarter, Not Longer",Â£20.59,https://books.toscrape.com/the-inefficiency-assassin-time-management-tactics-for-working-smarter-not-longer_935/index.html,https://books.toscrape.com/media/cache/75/dc/75dce2f5949b407161f37f0af249b018.jpg,Unknown
The Gutsy Girl: Escapades for Your Life of Epic Adventure,Â£37.13,https://books.toscrape.com/the-gutsy-girl-escapades-for-your-life-of-epic-adventure_934/index.html,https://books.toscrape.com/media/cache/64/15/641570cd7e7aded53c7d33d78a9629f1.jpg,Unknown
The Electric Pencil: Drawings from Inside State Hospital No. 3,Â£56.06,https://books.toscrape.com/the-electric-pencil-drawings-from-inside-state-hospital-no-3_933/index.html,https://books.toscrape.com/media/cache/2e/23/2e236e23ad52aa74505f224f6552eda8.jpg,Unknown
The Death of Humanity: and the Case for Life,Â£58.11,https://books.toscrape.com/the-death-of-humanity-and-the-case-for-life_932/index.html,https://books.toscrape.com/media/cache/71/df/71df730cf38c232ee58a2e407135f055.jpg,Unknown
"The Bulletproof Diet: Lose up to a Pound a Day, Reclaim Energy and Focus, Upgrade Your Life",Â£49.05,https://books.toscrape.com/the-bulletproof-diet-lose-up-to-a-pound-a-day-reclaim-energy-and-focus-upgrade-your-life_931/index.html,https://books.toscrape.com/media/cache/ee/3e/ee3e219d23e73ba71c79b700f183aaed.jpg,Unknown
The Art Forger,Â£40.76,https://books.toscrape.com/the-art-forger_930/index.html,https://books.toscrape.com/media/cache/70/fa/70fa6c0437d9c97dbeada6bd32bf9d2c.jpg,Unknown
The Age of Genius: The Seventeenth Century and the Birth of the Modern Mind,Â£19.73,https://books.toscrape.com/the-age-of-genius-the-seventeenth-century-and-the-birth-of-the-modern-mind_929/index.html,https://books.toscrape.com/media/cache/2d/4e/2d4e358712e6c9f1d3bdd78d1a16e5a8.jpg,Unknown
The Activist's Tao Te Ching: Ancient Advice for a Modern Revolution,Â£32.24,https://books.toscrape.com/the-activists-tao-te-ching-ancient-advice-for-a-modern-revolution_928/index.html,https://books.toscrape.com/media/cache/96/db/96db61bb53930c560fb4c1c62b583816.jpg,Unknown
Spark Joy: An Illustrated Master Class on the Art of Organizing and Tidying Up,Â£41.83,https://books.toscrape.com/spark-joy-an-illustrated-master-class-on-the-art-of-organizing-and-tidying-up_927/index.html,https://books.toscrape.com/media/cache/f3/4f/f34ffb24cc21c9f9f52dad4fd8f3ac21.jpg,Unknown
Soul Reader,Â£39.58,https://books.toscrape.com/soul-reader_926/index.html,https://books.toscrape.com/media/cache/69/85/69852567cf97264a1442cbc882c84903.jpg,Unknown
Security,Â£39.25,https://books.toscrape.com/security_925/index.html,https://books.toscrape.com/media/cache/da/df/dadfac66a89774b46b10225362724c83.jpg,Unknown
"Saga, Volume 6 (Saga (Collected Editions) #6)",Â£25.02,https://books.toscrape.com/saga-volume-6-saga-collected-editions-6_924/index.html,https://books.toscrape.com/media/cache/43/ae/43aee83ebb31e2122a7215e413770e5c.jpg,Unknown
"Saga, Volume 5 (Saga (Collected Editions) #5)",Â£51.04,https://books.toscrape.com/saga-volume-5-saga-collected-editions-5_923/index.html,https://books.toscrape.com/media/cache/e1/ea/e1ea6cb36e62ae6dc7b805f68ab9a700.jpg,Unknown
Reskilling America: Learning to Labor in the Twenty-First Century,Â£19.83,https://books.toscrape.com/reskilling-america-learning-to-labor-in-the-twenty-first-century_922/index.html,https://books.toscrape.com/media/cache/97/f8/97f8debeeaaece9603267653076e760f.jpg,Unknown
"Rat Queens, Vol. 3: Demons (Rat Queens (Collected Editions) #11-15)",Â£50.40,https://books.toscrape.com/rat-queens-vol-3-demons-rat-queens-collected-editions-11-15_921/index.html,https://books.toscrape.com/media/cache/f3/ef/f3efd43ae0fa85d9b325d5e8783e7af5.jpg,Unknown
"Princess Jellyfish 2-in-1 Omnibus, Vol. 01 (Princess Jellyfish 2-in-1 Omnibus #1)",Â£13.61,https://books.toscrape.com/princess-jellyfish-2-in-1-omnibus-vol-01-princess-jellyfish-2-in-1-omnibus-1_920/index.html,https://books.toscrape.com/media/cache/78/0b/780b2c28122750c2c383846155815bf7.jpg,Unknown
Princess Between Worlds (Wide-Awake Princess #5),Â£13.34,https://books.toscrape.com/princess-between-worlds-wide-awake-princess-5_919/index.html,https://books.toscrape.com/media/cache/b7/e8/b7e84b78be3d9bb79b71156a5e5d4e42.jpg,Unknown
"Pop Gun War, Volume 1: Gift",Â£18.97,https://books.toscrape.com/pop-gun-war-volume-1-gift_918/index.html,https://books.toscrape.com/media/cache/c8/2f/c82f629a31b3f47bdb17ac14aa51076d.jpg,Unknown
"Political Suicide: Missteps, Peccadilloes, Bad Calls, Backroom Hijinx, Sordid Pasts, Rotten Breaks, and Just Plain Dumb Mistakes in the Annals of American Politics",Â£36.28,https://books.toscrape.com/political-suicide-missteps-peccadilloes-bad-calls-backroom-hijinx-sordid-pasts-rotten-breaks-and-just-plain-dumb-mistakes-in-the-annals-of-american-politics_917/index.html,https://books.toscrape.com/media/cache/64/44/6444dacdcb9edaadbbd691524622aeb8.jpg,Unknown
Patience,Â£10.16,https://books.toscrape.com/patience_916/index.html,https://books.toscrape.com/media/cache/01/72/01726c619a05114dca75bd840095016d.jpg,Unknown
"Outcast, Vol. 1: A Darkness Surrounds Him (Outcast #1)",Â£15.44,https://books.toscrape.com/outcast-vol-1-a-darkness-surrounds-him-outcast-1_915/index.html,https://books.toscrape.com/media/cache/cb/00/cb004189f548d75ad430d3ed19e6daa9.jpg,Unknown
orange: The Complete Collection 1 (orange: The Complete Collection #1),Â£48.41,https://books.toscrape.com/orange-the-complete-collection-1-orange-the-complete-collection-1_914/index.html,https://books.toscrape.com/media/cache/03/88/03886a8502ca54dbce0d91c2568ab69d.jpg,Unknown
Online Marketing for Busy Authors: A Step-By-Step Guide,Â£46.35,https://books.toscrape.com/online-marketing-for-busy-authors-a-step-by-step-guide_913/index.html,https://books.toscrape.com/media/cache/ea/9b/ea9b2cb8abbb317402e618445bade1e1.jpg,Unknown
On a Midnight Clear,Â£14.07,https://books.toscrape.com/on-a-midnight-clear_912/index.html,https://books.toscrape.com/media/cache/a1/14/a114d70e7babf110ba42a389078e9a45.jpg,Unknown
Obsidian (Lux #1),Â£14.86,https://books.toscrape.com/obsidian-lux-1_911/index.html,https://books.toscrape.com/media/cache/fc/72/fc72f158554b4b4164701e1dfa1153c7.jpg,Unknown
My Paris Kitchen: Recipes and Stories,Â£33.37,https://books.toscrape.com/my-paris-kitchen-recipes-and-stories_910/index.html,https://books.toscrape.com/media/cache/f5/65/f565af3d9dd20a1ad72a1e7c4157387d.jpg,Unknown
Masks and Shadows,Â£56.40,https://books.toscrape.com/masks-and-shadows_909/index.html,https://books.toscrape.com/media/cache/ff/e8/ffe81bf98f8386ef29e193abfb6f9c1e.jpg,Unknown
"Mama Tried: Traditional Italian Cooking for the Screwed, Crude, Vegan, and Tattooed",Â£14.02,https://books.toscrape.com/mama-tried-traditional-italian-cooking-for-the-screwed-crude-vegan-and-tattooed_908/index.html,https://books.toscrape.com/media/cache/10/c6/10c61093002db1fec4089d8076678624.jpg,Unknown
"Lumberjanes, Vol. 2: Friendship to the Max (Lumberjanes #5-8)",Â£46.91,https://books.toscrape.com/lumberjanes-vol-2-friendship-to-the-max-lumberjanes-5-8_907/index.html,https://books.toscrape.com/media/cache/d3/15/d3158e8d3546fb90cced3c1d44a92a34.jpg,Unknown
"Lumberjanes, Vol. 1: Beware the Kitten Holy (Lumberjanes #1-4)",Â£45.61,https://books.toscrape.com/lumberjanes-vol-1-beware-the-kitten-holy-lumberjanes-1-4_906/index.html,https://books.toscrape.com/media/cache/7e/a0/7ea062007ef00107e3c16d336b41fab2.jpg,Unknown
Lumberjanes Vol. 3: A Terrible Plan (Lumberjanes #9-12),Â£19.92,https://books.toscrape.com/lumberjanes-vol-3-a-terrible-plan-lumberjanes-9-12_905/index.html,https://books.toscrape.com/media/cache/5f/b1/5fb1bf88dcfda795606745ce35be5975.jpg,Unknown
"Layered: Baking, Building, and Styling Spectacular Cakes",Â£40.11,https://books.toscrape.com/layered-baking-building-and-styling-spectacular-cakes_904/index.html,https://books.toscrape.com/media/cache/98/d1/98d1c979c4bac9e147a6718946578b0f.jpg,Unknown
Judo: Seven Steps to Black Belt (an Introductory Guide for Beginners),Â£53.90,https://books.toscrape.com/judo-seven-steps-to-black-belt-an-introductory-guide-for-beginners_903/index.html,https://books.toscrape.com/media/cache/5f/52/5f52b1bc6d45daab2e330c744feb0359.jpg,Unknown
Join,Â£35.67,https://books.toscrape.com/join_902/index.html,https://books.toscrape.com/media/cache/93/63/9363f0065fbad5689f44fcf6e203eef3.jpg,Unknown
In the Country We Love: My Family Divided,Â£22.00,https://books.toscrape.com/in-the-country-we-love-my-family-divided_901/index.html,https://books.toscrape.com/media/cache/fe/ea/feeafd2ad7b3077f8e74cbb1da9e3c7d.jpg,Unknown
Immunity: How Elie Metchnikoff Changed the Course of Modern Medicine,Â£57.36,https://books.toscrape.com/immunity-how-elie-metchnikoff-changed-the-course-of-modern-medicine_900/index.html,https://books.toscrape.com/media/cache/26/1c/261c4eaf957ae4aacf2229b482e76dbe.jpg,Unknown
"I Hate Fairyland, Vol. 1: Madly Ever After (I Hate Fairyland (Compilations) #1-5)",Â£29.17,https://books.toscrape.com/i-hate-fairyland-vol-1-madly-ever-after-i-hate-fairyland-compilations-1-5_899/index.html,https://books.toscrape.com/media/cache/aa/74/aa74004807e97a79aa084b5db329a99b.jpg,Unknown
I am a Hero Omnibus Volume 1,Â£54.63,https://books.toscrape.com/i-am-a-hero-omnibus-volume-1_898/index.html,https://books.toscrape.com/media/cache/16/d4/16d443437126bf6d536a89312c1995a5.jpg,Unknown
How to Be Miserable: 40 Strategies You Already Use,Â£46.03,https://books.toscrape.com/how-to-be-miserable-40-strategies-you-already-use_897/index.html,https://books.toscrape.com/media/cache/da/8b/da8bc9b824dd3f446ef63e438ddbfc85.jpg,Unknown
Her Backup Boyfriend (The Sorensen Family #1),Â£33.97,https://books.toscrape.com/her-backup-boyfriend-the-sorensen-family-1_896/index.html,https://books.toscrape.com/media/cache/1e/bb/1ebbbc3e2d3249b111033cfc40763b0b.jpg,Unknown
"Giant Days, Vol. 2 (Giant Days #5-8)",Â£22.11,https://books.toscrape.com/giant-days-vol-2-giant-days-5-8_895/index.html,https://books.toscrape.com/media/cache/90/6f/906f0168b0e155a7077625499b1737b5.jpg,Unknown
Forever and Forever: The Courtship of Henry Longfellow and Fanny Appleton,Â£29.69,https://books.toscrape.com/forever-and-forever-the-courtship-of-henry-longfellow-and-fanny-appleton_894/index.html,https://books.toscrape.com/media/cache/d6/58/d658a1485b130ff26ca5fb0d5975ed2e.jpg,Unknown
First and First (Five Boroughs #3),Â£15.97,https://books.toscrape.com/first-and-first-five-boroughs-3_893/index.html,https://books.toscrape.com/media/cache/c4/d1/c4d1517cc9370e292366b6132ca9ca36.jpg,Unknown
Fifty Shades Darker (Fifty Shades #2),Â£21.96,https://books.toscrape.com/fifty-shades-darker-fifty-shades-2_892/index.html,https://books.toscrape.com/media/cache/cc/bd/ccbdae9e29b3594301528fa2c876ec29.jpg,Unknown
Everydata: The Misinformation Hidden in the Little Data You Consume Every Day,Â£54.35,https://books.toscrape.com/everydata-the-misinformation-hidden-in-the-little-data-you-consume-every-day_891/index.html,https://books.toscrape.com/media/cache/64/94/6494bf61176ca73b61255909230030be.jpg,Unknown
"Don't Be a Jerk: And Other Practical Advice from Dogen, Japan's Greatest Zen Master",Â£37.97,https://books.toscrape.com/dont-be-a-jerk-and-other-practical-advice-from-dogen-japans-greatest-zen-master_890/index.html,https://books.toscrape.com/media/cache/95/30/953013d044aa313cc162dec414f3969a.jpg,Unknown
Danganronpa Volume 1,Â£51.99,https://books.toscrape.com/danganronpa-volume-1_889/index.html,https://books.toscrape.com/media/cache/78/97/7897eea91c4a85aca58d925861d4afec.jpg,Unknown
Crown of Midnight (Throne of Glass #2),Â£43.29,https://books.toscrape.com/crown-of-midnight-throne-of-glass-2_888/index.html,https://books.toscrape.com/media/cache/66/25/6625e3bbb050de3e42a0c302c0d69f1f.jpg,Unknown
"Codename Baboushka, Volume 1: The Conclave of Death",Â£36.72,https://books.toscrape.com/codename-baboushka-volume-1-the-conclave-of-death_887/index.html,https://books.toscrape.com/media/cache/f6/88/f688a9d6a89fdf38e4e88439ee9eda69.jpg,Unknown
Camp Midnight,Â£17.08,https://books.toscrape.com/camp-midnight_886/index.html,https://books.toscrape.com/media/cache/dd/c9/ddc95df6754df8e71bf969c088056188.jpg,Unknown
Call the Nurse: True Stories of a Country Nurse on a Scottish Isle,Â£29.14,https://books.toscrape.com/call-the-nurse-true-stories-of-a-country-nurse-on-a-scottish-isle_885/index.html,https://books.toscrape.com/media/cache/88/9e/889e0bac4c7c0e7178f0165b8d3b4617.jpg,Unknown
Burning,Â£28.81,https://books.toscrape.com/burning_884/index.html,https://books.toscrape.com/media/cache/26/95/269507c7bb35d2cec9b61a03d1c28e67.jpg,Unknown
Bossypants,Â£49.46,https://books.toscrape.com/bossypants_883/index.html,https://books.toscrape.com/media/cache/27/d2/27d20361745ec2f7be668b18a4da29da.jpg,Unknown
"Bitch Planet, Vol. 1: Extraordinary Machine (Bitch Planet (Collected Editions))",Â£37.92,https://books.toscrape.com/bitch-planet-vol-1-extraordinary-machine-bitch-planet-collected-editions_882/index.html,https://books.toscrape.com/media/cache/e4/1d/e41d34204a1fffbf825d8beb3dbf4cbc.jpg,Unknown
"Avatar: The Last Airbender: Smoke and Shadow, Part 3 (Smoke and Shadow #3)",Â£28.09,https://books.toscrape.com/avatar-the-last-airbender-smoke-and-shadow-part-3-smoke-and-shadow-3_881/index.html,https://books.toscrape.com/media/cache/06/18/061811c5845d0e13bc04b2a755f0830f.jpg,Unknown
Algorithms to Live By: The Computer Science of Human Decisions,Â£30.81,https://books.toscrape.com/algorithms-to-live-by-the-computer-science-of-human-decisions_880/index.html,https://books.toscrape.com/media/cache/23/b4/23b42e094c02d52b14b11a960d49610e.jpg,Unknown
A World of Flavor: Your Gluten Free Passport,Â£42.95,https://books.toscrape.com/a-world-of-flavor-your-gluten-free-passport_879/index.html,https://books.toscrape.com/media/cache/78/2e/782e315667ec50759b8603527ee33dec.jpg,Unknown
"A Piece of Sky, a Grain of Rice: A Memoir in Four Meditations",Â£56.76,https://books.toscrape.com/a-piece-of-sky-a-grain-of-rice-a-memoir-in-four-meditations_878/index.html,https://books.toscrape.com/media/cache/08/89/088995e862aac86c88c608d763f6390e.jpg,Unknown
A Murder in Time,Â£16.64,https://books.toscrape.com/a-murder-in-time_877/index.html,https://books.toscrape.com/media/cache/11/aa/11aaad48b5f15e262456ca65294084da.jpg,Unknown
A Flight of Arrows (The Pathfinders #2),Â£55.53,https://books.toscrape.com/a-flight-of-arrows-the-pathfinders-2_876/index.html,https://books.toscrape.com/media/cache/82/96/8296f92b70fb1dafefecda92c1d51941.jpg,Unknown
A Fierce and Subtle Poison,Â£28.13,https://books.toscrape.com/a-fierce-and-subtle-poison_875/index.html,https://books.toscrape.com/media/cache/12/f1/12f1963957f27fa83d51f76b183ef490.jpg,Unknown
A Court of Thorns and Roses (A Court of Thorns and Roses #1),Â£52.37,https://books.toscrape.com/a-court-of-thorns-and-roses-a-court-of-thorns-and-roses-1_874/index.html,https://books.toscrape.com/media/cache/c0/88/c08816960890396213a423941af65b8f.jpg,Unknown
(Un)Qualified: How God Uses Broken People to Do Big Things,Â£54.00,https://books.toscrape.com/unqualified-how-god-uses-broken-people-to-do-big-things_873/index.html,https://books.toscrape.com/media/cache/cd/db/cddb3eb483ef11a088d519205b7098fb.jpg,Unknown
You Are What You Love: The Spiritual Power of Habit,Â£21.87,https://books.toscrape.com/you-are-what-you-love-the-spiritual-power-of-habit_872/index.html,https://books.toscrape.com/media/cache/6b/70/6b70f2cdb17d9ab7551240a88b9211fe.jpg,Unknown
"William Shakespeare's Star Wars: Verily, A New Hope (William Shakespeare's Star Wars #4)",Â£43.30,https://books.toscrape.com/william-shakespeares-star-wars-verily-a-new-hope-william-shakespeares-star-wars-4_871/index.html,https://books.toscrape.com/media/cache/02/37/0237b445efc18c5562355a5a2c40889c.jpg,Unknown
Tuesday Nights in 1980,Â£21.04,https://books.toscrape.com/tuesday-nights-in-1980_870/index.html,https://books.toscrape.com/media/cache/6b/da/6bdae061cb92c32b0b83cda8dd10275d.jpg,Unknown
Tracing Numbers on a Train,Â£41.60,https://books.toscrape.com/tracing-numbers-on-a-train_869/index.html,https://books.toscrape.com/media/cache/06/a6/06a6cfcf89afd1601cbba1a16cda57fb.jpg,Unknown
Throne of Glass (Throne of Glass #1),Â£35.07,https://books.toscrape.com/throne-of-glass-throne-of-glass-1_868/index.html,https://books.toscrape.com/media/cache/32/d6/32d6aa560e8ddf2a4da1526b95d4c7ab.jpg,Unknown
Thomas Jefferson and the Tripoli Pirates: The Forgotten War That Changed American History,Â£59.64,https://books.toscrape.com/thomas-jefferson-and-the-tripoli-pirates-the-forgotten-war-that-changed-american-history_867/index.html,https://books.toscrape.com/media/cache/97/47/974709d437b08e74649b5744471bf472.jpg,Unknown
Thirteen Reasons Why,Â£52.72,https://books.toscrape.com/thirteen-reasons-why_866/index.html,https://books.toscrape.com/media/cache/8a/83/8a83b6ce350f01bab21f85e6ba539316.jpg,Unknown
The White Cat and the Monk: A Retelling of the Poem âPangur BÃ¡nâ,Â£58.08,https://books.toscrape.com/the-white-cat-and-the-monk-a-retelling-of-the-poem-pangur-ban_865/index.html,https://books.toscrape.com/media/cache/26/32/2632a1e12f2c085fabbe022ae4cd6933.jpg,Unknown
The Wedding Dress,Â£24.12,https://books.toscrape.com/the-wedding-dress_864/index.html,https://books.toscrape.com/media/cache/28/99/28992d89f4abf54fba183fc8d074adf3.jpg,Unknown
The Vacationers,Â£42.15,https://books.toscrape.com/the-vacationers_863/index.html,https://books.toscrape.com/media/cache/37/25/372578cc073efae80cf284b56040a488.jpg,Unknown
The Third Wave: An Entrepreneurâs Vision of the Future,Â£12.61,https://books.toscrape.com/the-third-wave-an-entrepreneurs-vision-of-the-future_862/index.html,https://books.toscrape.com/media/cache/d0/77/d077a30042df6b916bfc8d257345c69e.jpg,Unknown
The Stranger,Â£17.44,https://books.toscrape.com/the-stranger_861/index.html,https://books.toscrape.com/media/cache/ea/04/ea0476a6f4c318ceccf5e2f2b39f2b15.jpg,Unknown
The Shadow Hero (The Shadow Hero),Â£33.14,https://books.toscrape.com/the-shadow-hero-the-shadow-hero_860/index.html,https://books.toscrape.com/media/cache/1f/62/1f621dda1b302fc16d83d94b0b5ac31c.jpg,Unknown
The Secret (The Secret #1),Â£27.37,https://books.toscrape.com/the-secret-the-secret-1_859/index.html,https://books.toscrape.com/media/cache/4e/0f/4e0f05ae01d8fb6bd0d3901edd06de16.jpg,Unknown
The Regional Office Is Under Attack!,Â£51.36,https://books.toscrape.com/the-regional-office-is-under-attack_858/index.html,https://books.toscrape.com/media/cache/f8/31/f8314c7fdaa79fb7191a583e9a852db8.jpg,Unknown
The Psychopath Test: A Journey Through the Madness Industry,Â£36.00,https://books.toscrape.com/the-psychopath-test-a-journey-through-the-madness-industry_857/index.html,https://books.toscrape.com/media/cache/34/f5/34f5f8e513c5f048241f5695e61b2483.jpg,Unknown
The Project,Â£10.65,https://books.toscrape.com/the-project_856/index.html,https://books.toscrape.com/media/cache/10/6e/106e2fc7160712edf8e2ff996dc8cd6c.jpg,Unknown
The Power of Now: A Guide to Spiritual Enlightenment,Â£43.54,https://books.toscrape.com/the-power-of-now-a-guide-to-spiritual-enlightenment_855/index.html,https://books.toscrape.com/media/cache/03/38/0338682e76bad3216cd4c6c28b2b625a.jpg,Unknown
The Omnivore's Dilemma: A Natural History of Four Meals,Â£38.21,https://books.toscrape.com/the-omnivores-dilemma-a-natural-history-of-four-meals_854/index.html,https://books.toscrape.com/media/cache/14/f3/14f3d525e2a114cd71e27201a16af188.jpg,Unknown
The Nerdy Nummies Cookbook: Sweet Treats for the Geek in All of Us,Â£37.34,https://books.toscrape.com/the-nerdy-nummies-cookbook-sweet-treats-for-the-geek-in-all-of-us_853/index.html,https://books.toscrape.com/media/cache/61/bd/61bdfe3950643c47d70c37c4123530f3.jpg,Unknown
The Murder of Roger Ackroyd (Hercule Poirot #4),Â£44.10,https://books.toscrape.com/the-murder-of-roger-ackroyd-hercule-poirot-4_852/index.html,https://books.toscrape.com/media/cache/29/fe/29fe70b1b2e5a9ba61d4bd331255e19e.jpg,Unknown
The Mistake (Off-Campus #2),Â£43.29,https://books.toscrape.com/the-mistake-off-campus-2_851/index.html,https://books.toscrape.com/media/cache/a5/43/a543b100a8c1861c1bf5374ca6b576fe.jpg,Unknown
The Matchmaker's Playbook (Wingmen Inc. #1),Â£55.85,https://books.toscrape.com/the-matchmakers-playbook-wingmen-inc-1_850/index.html,https://books.toscrape.com/media/cache/84/ac/84acb0606c96e55dc729a9d6572a08fb.jpg,Unknown
The Love and Lemons Cookbook: An Apple-to-Zucchini Celebration of Impromptu Cooking,Â£37.60,https://books.toscrape.com/the-love-and-lemons-cookbook-an-apple-to-zucchini-celebration-of-impromptu-cooking_849/index.html,https://books.toscrape.com/media/cache/0d/1f/0d1f3f934460f5a50aaa8c366641234c.jpg,Unknown
The Long Shadow of Small Ghosts: Murder and Memory in an American City,Â£10.97,https://books.toscrape.com/the-long-shadow-of-small-ghosts-murder-and-memory-in-an-american-city_848/index.html,https://books.toscrape.com/media/cache/f2/e5/f2e51dd2b26600459f8eaeb6b9eecaa7.jpg,Unknown
The Kite Runner,Â£41.82,https://books.toscrape.com/the-kite-runner_847/index.html,https://books.toscrape.com/media/cache/58/9d/589d73503d9a23d224de836134fae553.jpg,Unknown
The House by the Lake,Â£36.95,https://books.toscrape.com/the-house-by-the-lake_846/index.html,https://books.toscrape.com/media/cache/0d/cb/0dcb33d60b0e79adf8ab9842e697ea2e.jpg,Unknown
The Glittering Court (The Glittering Court #1),Â£44.28,https://books.toscrape.com/the-glittering-court-the-glittering-court-1_845/index.html,https://books.toscrape.com/media/cache/3e/0b/3e0b16851bec08b6cbf78d5f64af9114.jpg,Unknown
The Girl on the Train,Â£55.02,https://books.toscrape.com/the-girl-on-the-train_844/index.html,https://books.toscrape.com/media/cache/25/6c/256c946dd0962095f66c6de3b15ab300.jpg,Unknown
The Genius of Birds,Â£17.24,https://books.toscrape.com/the-genius-of-birds_843/index.html,https://books.toscrape.com/media/cache/13/57/1357c6aa40c9e63d2f931927fbf81f3f.jpg,Unknown
The Emerald Mystery,Â£23.15,https://books.toscrape.com/the-emerald-mystery_842/index.html,https://books.toscrape.com/media/cache/81/58/81586cd0bf8743e1f5ed80b6a0e1fabe.jpg,Unknown
The Cookies & Cups Cookbook: 125+ sweet & savory recipes reminding you to Always Eat Dessert First,Â£41.25,https://books.toscrape.com/the-cookies-cups-cookbook-125-sweet-savory-recipes-reminding-you-to-always-eat-dessert-first_841/index.html,https://books.toscrape.com/media/cache/54/89/54899b4584e941ceced511d81092c88a.jpg,Unknown
The Bridge to Consciousness: I'm Writing the Bridge Between Science and Our Old and New Beliefs.,Â£32.00,https://books.toscrape.com/the-bridge-to-consciousness-im-writing-the-bridge-between-science-and-our-old-and-new-beliefs_840/index.html,https://books.toscrape.com/media/cache/fe/b7/feb764b2afa54991cfdbbffdf501b333.jpg,Unknown
The Artist's Way: A Spiritual Path to Higher Creativity,Â£38.49,https://books.toscrape.com/the-artists-way-a-spiritual-path-to-higher-creativity_839/index.html,https://books.toscrape.com/media/cache/0e/6d/0e6dc2484322c5b9e7854ced66fdf62d.jpg,Unknown
The Art of War,Â£33.34,https://books.toscrape.com/the-art-of-war_838/index.html,https://books.toscrape.com/media/cache/6d/71/6d71e36c8b1b9c885e1bb6c72cd8bcf8.jpg,Unknown
The Argonauts,Â£10.93,https://books.toscrape.com/the-argonauts_837/index.html,https://books.toscrape.com/media/cache/0a/15/0a1567cd04a6582d333db71337b4e2a6.jpg,Unknown
The 10% Entrepreneur: Live Your Startup Dream Without Quitting Your Day Job,Â£27.55,https://books.toscrape.com/the-10-entrepreneur-live-your-startup-dream-without-quitting-your-day-job_836/index.html,https://books.toscrape.com/media/cache/82/93/82939ca78da0b724f16ec814849514fd.jpg,Unknown
Suddenly in Love (Lake Haven #1),Â£55.99,https://books.toscrape.com/suddenly-in-love-lake-haven-1_835/index.html,https://books.toscrape.com/media/cache/e9/f4/e9f4bc8cf5ffaea1504623c936e90a48.jpg,Unknown
Something More Than This,Â£16.24,https://books.toscrape.com/something-more-than-this_834/index.html,https://books.toscrape.com/media/cache/59/10/5910fbd8a95e8e9de9c660b71e0694e2.jpg,Unknown
Soft Apocalypse,Â£26.12,https://books.toscrape.com/soft-apocalypse_833/index.html,https://books.toscrape.com/media/cache/f0/06/f0060c756556b855184fa32f66280961.jpg,Unknown
So You've Been Publicly Shamed,Â£12.23,https://books.toscrape.com/so-youve-been-publicly-shamed_832/index.html,https://books.toscrape.com/media/cache/6e/d4/6ed4991d97f60db29ec7b421e61a2cf3.jpg,Unknown
Shoe Dog: A Memoir by the Creator of NIKE,Â£23.99,https://books.toscrape.com/shoe-dog-a-memoir-by-the-creator-of-nike_831/index.html,https://books.toscrape.com/media/cache/19/aa/19aa1184a3565b1dae6092146018e109.jpg,Unknown
"Shobu Samurai, Project Aryoku (#3)",Â£29.06,https://books.toscrape.com/shobu-samurai-project-aryoku-3_830/index.html,https://books.toscrape.com/media/cache/ae/0c/ae0ccc307568b6d7699786411f3cbcc4.jpg,Unknown
Secrets and Lace (Fatal Hearts #1),Â£20.27,https://books.toscrape.com/secrets-and-lace-fatal-hearts-1_829/index.html,https://books.toscrape.com/media/cache/84/7c/847c06b541e2a3b2228b96d97a5fe7a6.jpg,Unknown
Scarlett Epstein Hates It Here,Â£43.55,https://books.toscrape.com/scarlett-epstein-hates-it-here_828/index.html,https://books.toscrape.com/media/cache/0f/d3/0fd306891f8fd3196653022fd67d6c87.jpg,Unknown
Romero and Juliet: A Tragic Tale of Love and Zombies,Â£36.94,https://books.toscrape.com/romero-and-juliet-a-tragic-tale-of-love-and-zombies_827/index.html,https://books.toscrape.com/media/cache/12/f8/12f8002e5aab6d783e29b31aad36b5ba.jpg,Unknown
Redeeming Love,Â£20.47,https://books.toscrape.com/redeeming-love_826/index.html,https://books.toscrape.com/media/cache/21/21/2121ba78e26194d92c334fde3850f840.jpg,Unknown
Poses for Artists Volume 1 - Dynamic and Sitting Poses: An Essential Reference for Figure Drawing and the Human Form,Â£41.06,https://books.toscrape.com/poses-for-artists-volume-1-dynamic-and-sitting-poses-an-essential-reference-for-figure-drawing-and-the-human-form_825/index.html,https://books.toscrape.com/media/cache/5a/89/5a89e2dd7866dda6660fe508bc4b5249.jpg,Unknown
Poems That Make Grown Women Cry,Â£14.19,https://books.toscrape.com/poems-that-make-grown-women-cry_824/index.html,https://books.toscrape.com/media/cache/38/64/386468a8c3e6b880664bf7885bf6f726.jpg,Unknown
"Nightingale, Sing",Â£38.28,https://books.toscrape.com/nightingale-sing_823/index.html,https://books.toscrape.com/media/cache/18/08/18086e581ad354aa65f945c2b5c51350.jpg,Unknown
Night Sky with Exit Wounds,Â£41.05,https://books.toscrape.com/night-sky-with-exit-wounds_822/index.html,https://books.toscrape.com/media/cache/25/54/2554431c797ec725eea50b3f8a83758c.jpg,Unknown
Mrs. Houdini,Â£30.25,https://books.toscrape.com/mrs-houdini_821/index.html,https://books.toscrape.com/media/cache/0e/fe/0efe86960cdff718aed01a5c3f65b1c3.jpg,Unknown
Modern Romance,Â£28.26,https://books.toscrape.com/modern-romance_820/index.html,https://books.toscrape.com/media/cache/28/78/2878538a1039d9c4649110499a1393fb.jpg,Unknown
Miss Peregrineâs Home for Peculiar Children (Miss Peregrineâs Peculiar Children #1),Â£10.76,https://books.toscrape.com/miss-peregrines-home-for-peculiar-children-miss-peregrines-peculiar-children-1_819/index.html,https://books.toscrape.com/media/cache/01/26/01264865c12ed6d987d6f0858cd1d0ba.jpg,Unknown
Louisa: The Extraordinary Life of Mrs. Adams,Â£16.85,https://books.toscrape.com/louisa-the-extraordinary-life-of-mrs-adams_818/index.html,https://books.toscrape.com/media/cache/6f/d9/6fd92e5143cbd5bb8bcf034e5f007dde.jpg,Unknown
Little Red,Â£13.47,https://books.toscrape.com/little-red_817/index.html,https://books.toscrape.com/media/cache/80/25/8025b80a40178f2a6dd4f99ad88e0fba.jpg,Unknown
Library of Souls (Miss Peregrineâs Peculiar Children #3),Â£48.56,https://books.toscrape.com/library-of-souls-miss-peregrines-peculiar-children-3_816/index.html,https://books.toscrape.com/media/cache/f8/54/f85417465a73e33604624205ba8306cc.jpg,Unknown
Large Print Heart of the Pride,Â£19.15,https://books.toscrape.com/large-print-heart-of-the-pride_815/index.html,https://books.toscrape.com/media/cache/bd/e9/bde95ab9f776c911a7aa759cad60bb41.jpg,Unknown
I Had a Nice Time And Other Lies...: How to find love & sh*t like that,Â£57.36,https://books.toscrape.com/i-had-a-nice-time-and-other-lies-how-to-find-love-sht-like-that_814/index.html,https://books.toscrape.com/media/cache/5f/72/5f72c8a0d5a7292e2929a354ec8a022f.jpg,Unknown
Hollow City (Miss Peregrineâs Peculiar Children #2),Â£42.98,https://books.toscrape.com/hollow-city-miss-peregrines-peculiar-children-2_813/index.html,https://books.toscrape.com/media/cache/e2/60/e260b008b7ea7970562295b7bc64b0cb.jpg,Unknown
Grumbles,Â£22.16,https://books.toscrape.com/grumbles_812/index.html,https://books.toscrape.com/media/cache/d6/1b/d61b12ef0e69d49e2645537dd6a8472a.jpg,Unknown
Full Moon over Noahâs Ark: An Odyssey to Mount Ararat and Beyond,Â£49.43,https://books.toscrape.com/full-moon-over-noahs-ark-an-odyssey-to-mount-ararat-and-beyond_811/index.html,https://books.toscrape.com/media/cache/57/77/57770cac1628f4407636635f4b85e88c.jpg,Unknown
Frostbite (Vampire Academy #2),Â£29.99,https://books.toscrape.com/frostbite-vampire-academy-2_810/index.html,https://books.toscrape.com/media/cache/71/76/7176317f1915fa0658bb2fe400441207.jpg,Unknown
Follow You Home,Â£21.36,https://books.toscrape.com/follow-you-home_809/index.html,https://books.toscrape.com/media/cache/a7/4b/a74b35375ce874153fd352e33bc7bac9.jpg,Unknown
First Steps for New Christians (Print Edition),Â£29.00,https://books.toscrape.com/first-steps-for-new-christians-print-edition_808/index.html,https://books.toscrape.com/media/cache/f1/73/f1731459b1e2f4becf2c52b8f30b8cd7.jpg,Unknown
Finders Keepers (Bill Hodges Trilogy #2),Â£53.53,https://books.toscrape.com/finders-keepers-bill-hodges-trilogy-2_807/index.html,https://books.toscrape.com/media/cache/6a/81/6a81103b1c01a3f6c56e5718a838a4c8.jpg,Unknown
"Fables, Vol. 1: Legends in Exile (Fables #1)",Â£41.62,https://books.toscrape.com/fables-vol-1-legends-in-exile-fables-1_806/index.html,https://books.toscrape.com/media/cache/51/8c/518c184a793b751b43045637c8002eb7.jpg,Unknown
Eureka Trivia 6.0,Â£54.59,https://books.toscrape.com/eureka-trivia-60_805/index.html,https://books.toscrape.com/media/cache/96/17/96173470df6fc6fef4d0008e957653ce.jpg,Unknown
Drive: The Surprising Truth About What Motivates Us,Â£34.95,https://books.toscrape.com/drive-the-surprising-truth-about-what-motivates-us_804/index.html,https://books.toscrape.com/media/cache/8a/49/8a490347afdc10abe7c2099e466de32f.jpg,Unknown
Done Rubbed Out (Reightman & Bailey #1),Â£37.72,https://books.toscrape.com/done-rubbed-out-reightman-bailey-1_803/index.html,https://books.toscrape.com/media/cache/08/4d/084da0199a717cb6c1eda30f98d0ea4c.jpg,Unknown
Doing It Over (Most Likely To #1),Â£35.61,https://books.toscrape.com/doing-it-over-most-likely-to-1_802/index.html,https://books.toscrape.com/media/cache/e9/25/e9250495a525eb203652ad9da85ccb8e.jpg,Unknown
"Deliciously Ella Every Day: Quick and Easy Recipes for Gluten-Free Snacks, Packed Lunches, and Simple Meals",Â£42.16,https://books.toscrape.com/deliciously-ella-every-day-quick-and-easy-recipes-for-gluten-free-snacks-packed-lunches-and-simple-meals_801/index.html,https://books.toscrape.com/media/cache/20/f2/20f28657b49f8cb24ed2ec6448bb6df3.jpg,Unknown
